일자,계(명),서울,부산,대구,인천,광주,대전,울산,세종,경기,강원,충북,충남,전북,전남,경북,경남,제주,검역
누적(명),"370,640","121,843","14,074","17,307","19,796","5,405","7,588","5,447","1,373","110,427","7,270","7,993","10,807","5,269","3,616","9,788","13,220","3,121","6,296"
2020.1.20,1,-,-,-,1,-,-,-,-,-,-,-,-,-,-,-,-,-,-
2020.1.21,0,-,-,-,-,-,-,-,-,-,-,-,-,-,-,-,-,-,-
2020.1.22,0,-,-,-,-,-,-,-,-,-,-,-,-,-,-,-,-,-,-
2020.1.23,0,-,-,-,-,-,-,-,-,-,-,-,-,-,-,-,-,-,-
2020.1.24,1,1,-,-,-,-,-,-,-,-,-,-,-,-,-,-,-,-,-
2020.1.25,0,-,-,-,-,-,-,-,-,-,-,-,-,-,-,-,-,-,-
2020.1.26,1,-,-,-,-,-,-,-,-,1,-,-,-,-,-,-,-,-,-
2020.1.27,1,-,-,-,-,-,-,-,-,1,-,-,-,-,-,-,-,-,-
2020.1.28,0,-,-,-,-,-,-,-,-,-,-,-,-,-,-,-,-,-,-
2020.1.29,0,-,-,-,-,-,-,-,-,-,-,-,-,-,-,-,-,-,-
2020.1.30,3,3,-,-,-,-,-,-,-,-,-,-,-,-,-,-,-,-,-
2020.1.31,4,3,-,-,-,-,-,-,-,-,-,-,-,1,-,-,-,-,-
2020.2.1,1,-,-,-,-,-,-,-,-,1,-,-,-,-,-,-,-,-,-
2020.2.2,3,1,-,-,-,-,-,-,-,2,-,-,-,-,-,-,-,-,-
2020.2.3,0,-,-,-,-,-,-,-,-,-,-,-,-,-,-,-,-,-,-
2020.2.4,1,-,-,-,-,1,-,-,-,-,-,-,-,-,-,-,-,-,-
2020.2.5,5,2,-,-,-,1,-,-,-,2,-,-,-,-,-,-,-,-,-
2020.2.6,3,2,-,-,-,-,-,-,-,-,-,-,-,-,1,-,-,-,-
2020.2.7,0,-,-,-,-,-,-,-,-,-,-,-,-,-,-,-,-,-,-
2020.2.8,0,-,-,-,-,-,-,-,-,-,-,-,-,-,-,-,-,-,-
2020.2.9,3,-,-,-,-,-,-,-,-,3,-,-,-,-,-,-,-,-,-
2020.2.10,1,-,-,-,-,-,-,-,-,1,-,-,-,-,-,-,-,-,-
2020.2.11,0,-,-,-,-,-,-,-,-,-,-,-,-,-,-,-,-,-,-
2020.2.12,0,-,-,-,-,-,-,-,-,-,-,-,-,-,-,-,-,-,-
2020.2.13,0,-,-,-,-,-,-,-,-,-,-,-,-,-,-,-,-,-,-
2020.2.14,0,-,-,-,-,-,-,-,-,-,-,-,-,-,-,-,-,-,-
2020.2.15,0,-,-,-,-,-,-,-,-,-,-,-,-,-,-,-,-,-,-
2020.2.16,2,2,-,-,-,-,-,-,-,-,-,-,-,-,-,-,-,-,-
2020.2.17,0,-,-,-,-,-,-,-,-,-,-,-,-,-,-,-,-,-,-
2020.2.18,2,-,-,1,-,-,-,-,-,1,-,-,-,-,-,-,-,-,-
2020.2.19,34,2,-,27,-,-,-,-,-,-,-,-,-,-,-,5,-,-,-
2020.2.20,16,-,-,12,-,-,-,-,-,-,-,-,-,-,-,4,-,-,-
2020.2.21,74,5,-,44,-,1,-,-,-,1,-,1,1,1,-,17,2,1,-
2020.2.22,190,2,2,67,-,3,1,-,1,2,-,2,-,1,-,106,2,1,-
2020.2.23,210,3,7,136,1,1,1,1,-,8,6,-,-,-,-,39,7,-,-
2020.2.24,207,4,8,152,-,2,1,-,-,12,-,-,-,-,-,19,9,-,-
2020.2.25,130,7,18,54,-,-,-,1,-,5,-,-,-,-,-,44,1,-,-
2020.2.26,253,8,13,184,1,-,-,1,-,3,-,2,1,-,-,36,4,-,-
2020.2.27,449,10,8,340,-,-,5,3,-,12,-,2,5,-,-,53,11,-,-
2020.2.28,427,7,5,296,1,-,4,5,-,11,-,3,9,2,-,74,10,-,-
2020.2.29,909,12,14,742,2,-,1,6,-,10,1,-,32,-,1,75,13,-,-
2020.3.1,595,8,4,512,-,-,-,-,-,8,-,1,12,-,1,48,1,-,-
2020.3.2,686,9,6,517,1,-,1,3,-,8,12,-,17,1,1,108,2,-,-
2020.3.3,600,7,2,520,-,2,-,-,-,2,1,-,4,1,-,59,1,1,-
2020.3.4,516,-,3,398,1,2,1,3,-,9,1,-,1,-,-,95,2,-,-
2020.3.5,438,5,-,326,1,-,1,-,-,7,2,1,4,-,-,81,9,1,-
2020.3.6,518,2,3,367,-,-,2,-,-,10,2,3,4,-,-,122,3,-,-
2020.3.7,483,3,1,390,-,-,-,-,1,10,1,5,2,-,-,65,5,-,-
2020.3.8,367,12,1,297,-,-,-,1,1,11,1,4,6,-,-,32,1,-,-
2020.3.9,248,10,-,190,-,2,-,-,3,12,1,1,4,-,-,25,-,-,-
2020.3.10,131,11,-,92,4,-,-,-,2,10,-,-,2,-,-,10,-,-,-
2020.3.11,242,53,2,131,12,-,-,1,2,11,1,2,8,-,-,18,1,-,-
2020.3.12,114,19,2,72,-,-,2,-,5,3,-,-,2,-,-,8,1,-,-
2020.3.13,110,12,1,61,2,-,2,2,17,8,-,-,1,-,-,4,-,-,-
2020.3.14,107,13,3,62,1,-,-,-,6,15,-,1,-,-,-,6,-,-,-
2020.3.15,76,9,3,41,1,1,-,1,1,11,-,3,-,-,-,4,-,-,1
2020.3.16,74,6,1,35,1,-,-,-,1,20,-,-,-,-,-,7,-,-,3
2020.3.17,84,12,-,32,1,-,-,-,-,31,-,-,-,-,-,5,1,-,2
2020.3.18,93,5,-,46,1,1,-,2,1,15,1,1,3,2,1,9,-,-,5
2020.3.19,152,12,-,97,-,-,-,6,-,18,-,1,-,1,-,12,-,-,5
2020.3.20,87,17,1,34,4,1,-,-,-,14,-,-,1,-,-,13,1,-,1
2020.3.21,147,15,-,69,4,-,-,-,-,12,-,1,-,-,-,40,-,-,6
2020.3.22,98,10,-,43,-,1,2,-,-,16,-,1,1,-,1,11,1,-,11
2020.3.23,64,6,1,24,-,-,-,-,1,14,-,2,-,-,-,2,1,-,13
2020.3.24,76,4,2,31,1,-,-,-,-,15,-,1,-,-,-,1,1,-,20
2020.3.25,100,13,1,14,1,-,-,1,2,21,1,-,3,-,2,5,-,2,34
2020.3.26,104,13,-,26,1,-,6,-,-,14,-,1,1,-,-,12,-,-,30
2020.3.27,91,12,1,34,3,1,1,2,-,11,-,2,-,-,-,9,1,1,13
2020.3.28,146,18,1,71,5,-,-,-,-,21,1,-,2,-,-,2,-,1,24
2020.3.29,105,20,3,23,7,-,3,-,2,15,2,-,1,2,1,2,3,-,21
2020.3.30,78,16,1,14,-,-,-,-,-,15,2,3,-,1,-,11,1,1,13
2020.3.31,125,24,1,60,6,-,2,-,-,13,-,-,1,-,-,2,1,-,15
2020.4.1,101,24,3,20,5,4,-,-,-,22,2,-,3,1,3,2,4,-,8
2020.4.2,89,14,-,21,4,1,-,1,-,18,1,-,2,-,2,2,6,-,17
2020.4.3,86,18,-,9,1,1,-,-,-,23,2,1,1,1,1,5,1,-,22
2020.4.4,94,22,-,27,3,-,-,-,-,23,1,-,1,-,-,1,1,-,15
2020.4.5,81,24,-,7,2,1,1,-,-,10,3,-,-,1,-,4,1,3,24
2020.4.6,47,11,-,13,1,-,2,-,-,8,-,-,1,-,-,2,2,-,7
2020.4.7,47,4,1,13,-,-,-,-,-,10,2,-,1,-,-,1,1,-,14
2020.4.8,53,11,2,9,4,-,-,-,-,6,2,-,-,1,-,3,1,-,14
2020.4.9,39,12,-,4,-,-,-,-,-,10,-,-,1,-,-,-,2,-,10
2020.4.10,27,5,1,-,1,-,-,-,-,9,-,-,-,-,-,7,-,-,4
2020.4.11,30,4,-,7,-,-,-,1,-,9,-,-,-,-,-,3,-,-,6
2020.4.12,32,3,-,2,1,-,-,-,-,4,-,-,1,-,-,3,-,-,18
2020.4.13,25,8,-,3,1,-,-,-,-,3,-,-,-,-,-,4,-,-,6
2020.4.14,27,2,-,3,1,-,-,1,-,8,-,-,-,-,-,5,-,-,7
2020.4.15,27,5,1,1,-,1,-,-,-,6,2,-,-,-,-,6,-,1,4
2020.4.16,22,2,3,4,-,-,-,-,-,4,1,-,-,-,-,4,-,-,4
2020.4.17,22,2,-,-,1,2,-,-,-,1,-,-,-,-,-,4,1,-,11
2020.4.18,18,1,-,3,1,-,-,-,-,4,1,-,2,-,-,2,-,-,4
2020.4.19,8,2,-,2,1,-,-,-,-,-,-,-,-,-,-,1,-,-,2
2020.4.20,13,-,2,1,1,-,-,1,-,2,-,-,-,-,-,2,-,-,4
2020.4.21,9,2,-,2,-,-,-,-,-,2,-,-,-,-,-,-,-,-,3
2020.4.22,11,2,2,1,-,-,1,-,-,-,-,-,-,-,-,2,1,-,2
2020.4.23,8,-,1,4,-,-,-,-,-,1,-,-,-,-,-,-,-,-,2
2020.4.24,6,-,1,3,-,-,-,-,-,1,-,-,-,-,-,-,-,-,1
2020.4.25,10,1,-,2,-,-,-,-,-,2,-,-,-,-,-,1,-,-,4
2020.4.26,10,-,1,1,-,-,-,-,-,6,-,-,-,1,-,-,-,-,1
2020.4.27,10,-,-,1,-,-,-,-,-,3,-,-,1,-,-,-,-,-,5
2020.4.28,14,4,-,2,1,-,-,-,-,3,-,-,-,-,-,1,-,-,3
2020.4.29,9,-,-,3,-,-,-,-,-,2,-,-,1,-,-,-,-,-,3
2020.4.30,4,-,-,-,-,-,-,-,-,-,-,-,-,-,-,-,-,-,4
2020.5.1,9,1,-,-,1,-,-,-,-,2,-,-,-,-,-,1,-,-,4
2020.5.2,6,1,1,-,1,-,-,-,-,-,-,-,-,-,-,-,-,-,3
2020.5.3,13,2,-,4,-,-,-,-,-,2,-,-,-,-,-,-,-,-,5
2020.5.4,8,-,-,-,1,-,-,1,-,1,-,-,-,-,1,-,-,-,4
2020.5.5,3,-,-,-,1,-,-,-,-,-,-,-,-,-,-,-,-,-,2
2020.5.6,2,-,-,-,-,-,-,-,-,-,-,-,-,-,-,-,-,-,2
2020.5.7,4,-,-,-,-,-,1,-,-,1,-,1,-,-,-,-,-,-,1
2020.5.8,12,-,2,3,-,-,-,-,-,2,-,1,-,1,-,-,-,-,3
2020.5.9,18,12,1,-,1,-,-,-,-,4,-,-,-,-,-,-,-,-,-
2020.5.10,34,14,-,2,3,-,-,-,-,6,-,2,-,-,-,-,-,1,6
2020.5.11,35,21,-,-,3,-,-,-,1,3,1,3,-,-,-,-,-,-,3
2020.5.12,27,12,-,1,1,-,2,-,-,8,-,-,-,-,-,1,1,-,1
2020.5.13,26,11,3,3,2,-,-,1,-,3,-,-,-,1,-,-,1,-,1
2020.5.14,29,4,-,-,12,-,-,-,-,6,1,3,1,-,1,1,-,-,-
2020.5.15,27,14,-,3,5,-,-,-,-,3,-,-,-,-,1,-,-,-,1
2020.5.16,19,5,-,1,-,-,-,-,-,4,-,1,-,-,-,-,-,-,8
2020.5.17,13,5,-,1,-,-,1,-,-,-,-,-,-,-,-,-,2,-,4
2020.5.18,15,1,-,1,-,-,-,-,-,3,-,3,-,-,-,-,-,-,7
2020.5.19,13,6,-,-,2,-,-,4,-,1,-,-,-,-,-,-,-,-,-
2020.5.20,32,10,-,1,8,-,-,-,-,10,-,-,-,1,-,-,-,-,2
2020.5.21,12,4,-,-,6,-,-,-,-,-,-,-,1,-,-,-,-,-,1
2020.5.22,20,2,-,-,1,-,-,1,-,6,-,-,-,-,-,2,1,-,7
2020.5.23,23,4,-,1,-,-,1,-,-,13,-,-,-,-,-,-,1,-,3
2020.5.24,25,6,-,-,2,-,-,-,-,6,1,-,-,-,-,6,-,-,4
2020.5.25,16,6,-,1,1,-,-,-,-,6,-,-,-,-,-,1,-,-,1
2020.5.26,19,9,-,1,3,-,-,-,-,2,-,1,-,-,-,1,-,-,2
2020.5.27,40,19,-,3,11,-,-,-,-,6,-,-,-,-,-,-,-,-,1
2020.5.28,79,24,1,2,22,-,-,-,-,21,-,-,1,-,-,1,-,-,7
2020.5.29,58,20,-,-,18,-,-,-,-,20,-,-,-,-,-,-,-,-,-
2020.5.30,39,9,1,2,5,2,-,-,-,13,1,-,-,-,1,-,-,-,5
2020.5.31,27,6,1,1,3,-,1,2,-,12,-,-,-,-,-,-,-,1,-
2020.6.1,35,1,-,1,18,-,-,-,-,12,-,-,-,-,1,-,-,-,2
2020.6.2,38,14,-,-,9,-,-,-,-,14,-,-,-,-,-,-,-,-,1
2020.6.3,49,19,-,1,16,-,-,-,-,13,-,-,-,-,-,-,-,-,-
2020.6.4,39,14,-,-,7,-,-,-,-,15,-,-,-,-,-,1,-,-,2
2020.6.5,39,15,-,1,6,-,-,-,-,13,-,-,1,-,-,2,-,-,1
2020.6.6,51,23,-,-,11,-,-,-,-,8,1,-,1,-,-,1,1,-,5
2020.6.7,57,27,-,1,6,-,-,1,-,19,-,1,-,-,-,-,-,-,2
2020.6.8,37,21,-,1,4,-,-,-,-,8,-,-,-,-,-,-,-,-,3
2020.6.9,38,19,-,-,3,-,-,-,-,13,-,-,2,-,-,-,1,-,-
2020.6.10,50,12,-,-,8,-,-,-,-,21,1,-,-,-,-,-,2,-,6
2020.6.11,45,21,-,-,6,-,-,-,-,16,-,-,-,-,-,-,-,-,2
2020.6.12,56,25,-,1,1,-,-,-,-,19,-,-,-,-,-,-,-,-,10
2020.6.13,48,29,-,3,1,-,-,-,-,14,-,-,-,-,-,-,-,-,1
2020.6.14,34,12,-,2,8,-,-,-,-,10,1,-,-,-,-,-,-,-,1
2020.6.15,37,7,-,-,8,-,-,-,-,10,-,-,2,-,-,-,3,-,7
2020.6.16,34,12,1,-,2,-,3,-,-,5,-,-,-,-,-,-,2,-,9
2020.6.17,43,13,-,1,2,-,5,-,-,13,-,-,1,-,-,-,-,1,7
2020.6.18,59,25,-,1,1,-,7,-,1,16,-,-,3,1,-,-,-,-,4
2020.6.19,49,18,-,-,-,-,6,-,-,11,-,-,-,-,-,-,-,3,11
2020.6.20,67,14,2,2,5,-,5,-,-,17,-,-,2,1,-,1,-,-,18
2020.6.21,48,17,-,1,-,1,10,-,1,10,2,-,1,-,-,-,1,-,4
2020.6.22,17,5,-,1,1,-,-,-,-,6,-,-,2,1,-,1,-,-,-
2020.6.23,46,6,-,1,1,-,4,-,-,7,-,1,-,-,-,-,-,-,26
2020.6.24,51,11,2,2,3,-,8,2,-,7,1,-,1,1,-,1,-,-,12
2020.6.25,28,9,-,-,1,-,4,-,-,9,-,-,1,-,-,-,-,-,4
2020.6.26,39,17,-,-,2,-,4,-,-,4,1,-,3,-,-,1,-,-,7
2020.6.27,51,17,-,1,1,-,2,-,-,17,-,1,-,1,-,-,-,-,11
2020.6.28,62,14,-,-,-,4,6,-,-,17,-,1,1,-,3,-,-,-,16
2020.6.29,42,7,1,2,1,4,2,-,-,16,-,-,-,1,1,1,1,-,5
2020.6.30,42,7,1,-,3,3,5,-,1,7,1,-,-,-,-,1,-,-,13
2020.7.1,51,9,-,1,2,12,4,-,-,16,-,-,1,-,1,-,-,-,5
2020.7.2,54,13,-,3,-,22,1,-,-,10,-,-,3,-,-,-,-,-,2
2020.7.3,61,12,-,11,1,6,4,-,-,18,-,-,1,1,-,1,2,-,4
2020.7.4,63,7,1,1,2,8,3,-,-,19,-,2,-,-,-,1,1,-,18
2020.7.5,61,16,-,-,-,16,8,-,-,8,1,-,-,1,-,1,-,1,9
2020.7.6,48,3,1,2,6,7,2,-,-,6,1,-,1,-,2,1,1,-,15
2020.7.7,44,3,-,1,2,6,2,-,-,13,-,-,-,1,-,-,-,-,16
2020.7.8,62,10,-,1,1,8,2,-,-,18,-,-,6,2,1,-,2,-,11
2020.7.9,50,8,-,-,3,15,6,-,-,8,-,-,1,1,1,-,2,-,5
2020.7.10,45,8,-,-,1,3,7,-,-,14,-,2,-,-,3,-,3,-,4
2020.7.11,35,8,-,-,1,9,2,-,-,4,-,-,1,2,-,-,-,-,8
2020.7.12,44,7,-,-,-,5,1,-,-,17,-,-,-,1,-,-,1,-,12
2020.7.13,62,13,-,1,3,7,-,-,-,11,2,1,4,-,-,-,2,-,18
2020.7.14,33,7,-,-,-,1,1,-,-,9,-,1,-,2,-,-,-,-,12
2020.7.15,39,6,-,-,1,1,3,-,-,5,-,-,-,-,-,-,-,-,23
2020.7.16,61,7,-,2,3,1,1,1,-,21,3,1,-,-,-,-,1,-,20
2020.7.17,60,9,-,-,-,5,1,-,-,15,-,-,-,-,-,-,2,3,25
2020.7.18,39,6,1,3,2,-,-,1,-,10,-,-,-,-,1,-,2,1,12
2020.7.19,34,10,-,-,1,10,1,-,-,4,-,-,-,-,-,-,-,1,7
2020.7.20,26,3,-,2,2,1,-,-,-,1,-,-,1,1,2,1,2,-,10
2020.7.21,45,21,-,2,-,-,-,-,-,2,-,-,-,-,-,1,-,1,18
2020.7.22,63,16,-,1,5,4,-,-,-,15,-,1,1,-,-,-,1,-,19
2020.7.23,59,12,2,-,3,9,-,-,-,28,-,-,-,-,-,-,-,-,5
2020.7.24,41,21,2,2,-,2,-,-,-,8,-,-,-,-,-,1,2,-,3
2020.7.25,113,11,5,-,-,-,-,1,-,14,-,-,-,-,1,-,-,-,81
2020.7.26,58,7,1,-,-,1,-,-,-,7,-,-,-,-,-,-,-,-,42
2020.7.27,25,9,1,-,-,-,-,-,-,6,-,1,1,-,-,-,-,-,7
2020.7.28,28,6,2,-,-,-,-,-,-,6,-,-,1,-,2,1,-,-,10
2020.7.29,48,9,1,-,3,1,-,1,-,11,-,-,-,-,-,1,-,-,21
2020.7.30,18,3,-,-,-,-,-,-,-,5,-,-,-,-,-,1,1,-,8
2020.7.31,36,8,-,1,-,-,-,-,-,10,2,-,1,-,-,2,-,-,12
2020.8.1,31,2,1,-,1,-,-,-,-,7,-,-,-,-,-,1,-,-,19
2020.8.2,30,5,1,2,-,1,-,-,-,3,-,-,-,-,-,1,-,-,17
2020.8.3,23,5,-,-,-,-,-,-,-,1,-,-,-,-,-,1,2,-,14
2020.8.4,34,9,1,-,1,2,-,-,-,11,-,1,-,-,1,1,-,-,7
2020.8.5,33,6,-,1,1,1,-,-,-,7,1,6,-,-,-,-,4,-,6
2020.8.6,43,9,3,-,-,-,-,-,-,13,2,1,2,-,2,4,1,-,6
2020.8.7,20,9,-,-,-,-,-,-,-,5,-,-,-,-,-,1,-,-,5
2020.8.8,43,17,-,1,2,-,-,-,-,18,-,-,-,-,-,-,-,-,5
2020.8.9,36,13,-,1,1,2,-,1,-,15,-,1,1,-,-,-,-,-,1
2020.8.10,28,13,1,-,-,-,-,-,-,6,-,-,-,-,1,1,-,-,6
2020.8.11,34,6,9,-,-,-,-,-,-,13,-,-,2,1,-,-,-,-,3
2020.8.12,54,15,4,-,-,6,1,-,-,19,-,-,1,-,-,-,-,-,8
2020.8.13,56,26,2,1,-,2,-,1,-,17,-,-,1,2,-,-,1,-,3
2020.8.14,103,32,5,-,4,2,-,1,-,47,1,-,3,-,-,1,-,-,7
2020.8.15,166,74,3,-,6,1,1,-,-,72,3,-,2,1,-,-,1,-,2
2020.8.16,279,146,7,1,9,7,-,3,-,98,-,1,5,-,-,-,2,-,-
2020.8.17,197,90,7,1,7,7,2,-,-,70,1,3,4,1,-,2,-,-,2
2020.8.18,246,132,7,6,18,4,-,3,-,52,2,1,5,7,-,3,-,-,6
2020.8.19,297,151,9,2,8,6,-,-,2,99,6,2,3,1,2,3,1,-,2
2020.8.20,288,135,15,3,10,1,8,-,1,85,5,1,5,6,3,5,3,-,2
2020.8.21,324,126,8,4,18,5,7,1,3,103,9,3,13,5,6,6,4,-,3
2020.8.22,332,129,3,9,21,11,5,3,1,95,16,2,7,4,7,4,9,2,4
2020.8.23,396,140,2,6,32,17,15,3,-,124,15,3,10,-,14,2,9,-,4
2020.8.24,266,97,3,-,20,1,10,1,3,85,6,10,8,4,7,6,1,-,4
2020.8.25,280,135,3,5,14,4,11,-,3,72,8,2,9,4,1,1,2,3,3
2020.8.26,320,111,4,3,27,7,7,2,-,99,18,-,12,7,13,-,5,2,3
2020.8.27,441,154,8,13,59,39,3,2,-,102,14,1,15,2,13,4,8,1,3
2020.8.28,371,146,8,8,27,17,3,1,2,113,3,5,9,2,12,1,4,2,8
2020.8.29,323,125,6,6,20,16,4,-,-,104,-,6,8,-,9,1,12,1,5
2020.8.30,299,116,6,30,13,2,6,3,1,80,2,5,8,-,8,3,7,2,7
2020.8.31,248,94,4,4,14,9,7,5,1,79,3,1,9,1,5,2,1,6,3
2020.9.1,235,94,3,2,22,4,8,6,-,63,4,1,7,-,4,9,3,1,4
2020.9.2,267,101,7,13,11,10,14,5,-,84,2,1,7,-,3,4,1,1,3
2020.9.3,195,69,4,3,16,6,4,8,-,64,4,1,7,-,6,-,-,-,3
2020.9.4,198,68,4,7,5,11,4,3,-,56,3,4,21,-,1,4,3,-,4
2020.9.5,168,51,10,5,14,8,2,1,-,50,3,4,4,2,-,1,8,1,4
2020.9.6,167,63,2,5,12,7,5,1,-,47,5,2,2,1,3,2,6,-,4
2020.9.7,119,48,9,2,1,9,5,3,-,31,-,-,3,1,-,-,3,-,4
2020.9.8,136,67,1,2,2,13,4,3,1,31,-,1,-,3,1,3,-,-,4
2020.9.9,156,49,2,2,1,17,8,4,2,55,-,1,8,1,1,-,1,-,4
2020.9.10,155,48,1,1,5,5,11,4,-,50,2,3,12,1,2,3,1,2,4
2020.9.11,176,63,3,1,8,8,11,5,-,47,-,1,14,-,2,2,-,2,9
2020.9.12,136,50,4,4,8,3,7,1,-,32,3,-,6,1,1,2,3,1,10
2020.9.13,121,31,3,14,3,3,2,7,-,32,1,-,11,2,-,2,3,-,7
2020.9.14,109,41,3,4,10,3,1,1,-,30,-,-,8,1,-,1,1,-,5
2020.9.15,106,32,4,-,9,1,3,-,-,39,1,2,3,1,-,1,2,3,5
2020.9.16,113,51,4,4,9,2,1,-,-,26,-,2,2,5,-,2,3,-,2
2020.9.17,153,64,2,2,7,1,1,-,-,54,-,-,10,-,1,6,3,-,2
2020.9.18,126,46,2,2,6,-,3,-,-,37,-,3,6,8,-,5,4,2,2
2020.9.19,110,40,2,2,11,-,2,-,-,41,-,1,4,1,-,4,1,-,1
2020.9.20,82,28,6,2,3,-,2,1,-,26,-,1,1,-,-,5,1,-,6
2020.9.21,70,23,8,1,2,1,2,-,-,18,-,2,-,-,-,1,2,-,10
2020.9.22,61,21,5,-,2,-,-,1,1,20,2,2,-,-,-,4,1,-,2
2020.9.23,110,40,7,3,5,2,-,2,-,30,1,2,5,1,-,6,-,-,6
2020.9.24,125,39,7,1,10,-,1,-,3,48,2,2,1,1,1,2,1,1,5
2020.9.25,114,57,3,-,3,2,-,-,1,27,1,3,1,3,-,6,1,-,6
2020.9.26,61,26,2,1,1,-,1,-,-,14,-,-,-,3,-,3,1,-,9
2020.9.27,95,34,3,-,9,2,-,-,1,21,-,2,2,2,1,6,1,-,11
2020.9.28,50,19,1,-,1,-,-,1,-,14,1,1,-,-,-,4,1,-,7
2020.9.29,38,11,3,-,-,-,-,-,-,10,-,1,2,-,-,2,-,-,9
2020.9.30,113,51,5,2,4,3,2,1,-,26,-,-,5,3,-,6,-,-,5
2020.10.1,77,30,6,1,3,-,-,-,-,21,-,1,3,-,1,5,-,-,6
2020.10.2,63,11,18,-,4,-,-,-,-,19,-,-,1,-,-,4,-,-,6
2020.10.3,75,26,8,-,7,-,2,-,-,10,-,1,1,1,3,2,-,-,14
2020.10.4,64,16,5,2,6,1,2,1,-,16,-,2,-,-,-,4,-,-,9
2020.10.5,73,19,5,1,5,-,1,4,1,27,-,1,2,3,-,1,1,-,2
2020.10.6,75,15,3,-,4,-,3,1,-,35,-,-,-,9,-,-,-,-,5
2020.10.7,114,33,2,1,6,-,2,1,1,53,-,-,-,8,-,-,-,-,7
2020.10.8,69,20,5,-,5,-,7,-,-,24,-,1,-,-,-,1,3,-,3
2020.10.9,54,22,5,1,-,-,5,-,-,12,-,1,-,-,1,-,1,-,6
2020.10.10,72,25,3,1,8,-,1,-,-,24,-,-,3,-,2,-,-,-,5
2020.10.11,58,23,3,1,1,-,2,1,-,21,2,-,1,-,-,-,-,-,3
2020.10.12,98,31,4,-,3,1,13,-,-,30,1,-,2,2,-,1,1,-,9
2020.10.13,91,20,1,1,-,2,10,-,-,38,4,1,2,1,-,1,-,-,10
2020.10.14,84,23,2,-,8,-,4,1,-,31,-,-,1,-,-,-,-,-,14
2020.10.15,110,25,55,-,11,-,1,-,-,8,1,1,-,1,-,1,-,-,6
2020.10.16,47,18,-,-,4,-,2,-,-,17,-,-,1,2,-,-,-,-,3
2020.10.17,73,18,6,1,2,1,-,-,-,32,3,-,2,-,1,-,2,-,5
2020.10.18,91,20,4,-,1,-,1,-,-,50,2,-,-,-,-,-,-,-,13
2020.10.19,76,14,15,-,5,2,2,-,-,18,1,1,2,1,-,2,1,-,12
2020.10.20,58,11,2,-,3,-,1,-,-,28,3,2,2,-,-,2,1,-,3
2020.10.21,89,17,10,-,6,1,4,1,-,24,2,1,-,-,1,2,-,-,20
2020.10.22,121,18,5,2,4,-,-,-,-,67,2,-,11,2,-,1,-,-,9
2020.10.23,155,20,-,5,5,6,-,-,-,103,1,-,4,2,1,-,-,-,8
2020.10.24,77,22,-,-,2,-,5,-,-,35,-,-,5,-,2,-,-,-,6
2020.10.25,61,17,1,1,-,-,1,1,-,27,-,-,2,-,-,-,2,-,9
2020.10.26,119,20,-,-,3,-,1,1,1,67,-,2,1,-,-,3,3,-,17
2020.10.27,88,24,1,-,2,-,5,-,-,35,6,1,1,-,3,-,5,-,5
2020.10.28,103,25,-,2,10,-,7,-,-,31,14,-,1,3,-,5,3,-,2
2020.10.29,125,36,-,3,5,2,-,2,-,58,7,-,1,1,-,1,-,-,9
2020.10.30,113,47,-,10,3,-,-,2,-,32,6,2,3,2,1,-,1,-,4
2020.10.31,127,52,2,9,3,-,-,-,3,27,-,-,5,-,-,-,1,-,25
2020.11.1,124,45,-,2,4,3,-,-,-,38,3,1,9,-,3,-,2,-,14
2020.11.2,97,25,-,3,2,-,-,1,-,41,1,2,11,-,2,1,1,-,7
2020.11.3,75,22,1,-,1,2,-,-,-,27,1,1,7,-,-,-,1,-,12
2020.11.4,117,42,1,2,4,-,1,1,-,43,-,-,10,-,-,2,-,1,10
2020.11.5,125,50,4,2,5,-,-,-,-,27,1,2,23,-,-,-,5,-,6
2020.11.6,145,40,-,-,-,-,-,-,-,47,7,-,25,1,-,1,13,-,11
2020.11.7,89,37,2,1,1,-,1,-,-,21,4,-,9,-,-,-,5,-,8
2020.11.8,143,54,-,7,3,2,1,1,-,25,9,2,9,-,4,2,10,-,14
2020.11.9,126,46,2,6,2,1,-,-,-,22,11,4,10,4,2,1,4,-,11
2020.11.10,100,35,1,1,3,5,-,-,-,33,3,2,4,-,2,1,2,-,8
2020.11.11,145,45,3,-,1,4,1,-,-,53,9,2,7,1,1,-,11,-,7
2020.11.12,143,53,2,3,2,6,2,1,-,35,6,1,9,-,8,1,4,1,9
2020.11.13,191,74,-,1,4,5,-,-,1,47,23,1,8,-,9,-,3,1,14
2020.11.14,205,69,4,-,1,8,2,-,1,49,18,-,11,4,13,-,4,-,21
2020.11.15,208,85,-,1,2,9,-,-,-,45,19,8,5,2,9,2,3,-,18
2020.11.16,222,80,-,-,10,4,3,-,1,42,20,3,6,1,10,14,4,1,23
2020.11.17,230,90,-,3,13,18,1,-,1,52,13,-,9,-,16,3,3,-,8
2020.11.18,285,92,5,2,12,9,1,3,-,87,5,-,7,-,15,16,9,-,22
2020.11.19,325,109,5,2,12,8,1,-,-,64,20,4,13,2,28,8,28,-,21
2020.11.20,348,132,2,1,30,4,-,-,-,73,24,2,15,13,14,10,18,2,8
2020.11.21,386,156,7,1,22,7,1,1,-,93,15,1,21,14,19,8,11,-,9
2020.11.22,330,121,1,1,27,8,-,1,-,75,13,-,13,12,13,6,19,-,20
2020.11.23,271,112,5,2,23,1,3,1,1,76,12,-,9,9,5,4,2,1,5
2020.11.24,349,133,6,3,17,3,-,2,2,81,46,3,8,15,7,9,3,1,10
2020.11.25,382,142,18,5,40,14,4,3,-,82,13,3,18,8,8,3,11,3,7
2020.11.26,581,212,22,1,18,14,1,7,4,183,8,8,16,16,9,2,45,3,12
2020.11.27,555,204,24,-,25,13,5,7,3,117,9,20,31,24,11,3,39,3,17
2020.11.28,503,178,28,1,25,16,13,3,-,125,33,24,17,9,7,5,14,2,3
2020.11.29,450,158,22,3,21,8,6,-,3,94,19,22,13,17,20,11,15,1,17
2020.11.30,438,159,52,4,34,13,5,3,1,77,8,22,5,16,4,4,20,1,10
2020.12.1,451,155,31,11,16,22,10,3,2,96,9,32,16,9,2,11,11,1,14
2020.12.2,511,193,32,4,23,10,5,10,7,144,12,16,8,26,1,5,7,2,6
2020.12.3,540,262,15,3,22,3,7,2,4,141,8,10,14,9,2,11,13,1,13
2020.12.4,628,295,31,6,17,1,21,5,-,160,3,5,23,14,3,9,16,2,17
2020.12.5,577,235,29,7,19,6,10,1,4,157,9,18,10,17,4,17,27,1,6
2020.12.6,631,254,34,3,42,5,3,3,3,184,12,14,15,12,8,11,16,-,12
2020.12.7,615,244,35,5,40,5,2,38,-,156,9,11,10,22,3,9,16,-,10
2020.12.8,587,211,26,4,25,11,11,61,1,157,8,10,15,13,7,5,13,2,7
2020.12.9,670,262,19,2,46,9,10,14,1,219,5,23,4,12,2,4,29,-,9
2020.12.10,680,250,31,3,37,5,9,16,1,215,15,12,20,8,5,8,16,13,16
2020.12.11,689,252,26,6,37,3,10,47,-,229,11,20,10,7,4,3,12,5,7
2020.12.12,950,362,59,35,42,9,18,23,1,272,36,21,10,6,8,19,17,-,12
2020.12.13,"1,030",399,57,28,62,15,13,8,-,331,18,15,10,9,6,18,24,3,14
2020.12.14,718,219,21,16,36,22,2,5,3,226,14,21,55,8,1,16,28,8,17
2020.12.15,880,251,41,19,55,5,32,49,1,288,13,25,37,15,1,15,16,9,8
2020.12.16,"1,078",378,41,27,67,2,15,6,-,329,8,23,35,75,4,28,19,15,6
2020.12.17,"1,014",423,44,21,80,10,11,10,-,291,9,19,19,19,-,9,30,12,7
2020.12.18,"1,064",398,39,20,65,4,5,31,-,303,18,31,18,16,5,31,44,27,9
2020.12.19,"1,045",380,39,20,46,9,5,9,-,274,27,103,24,15,5,29,32,24,4
2020.12.20,"1,096",472,33,25,62,14,3,6,1,249,55,14,20,29,4,25,51,24,9
2020.12.21,924,327,20,21,88,13,3,17,-,244,25,33,16,13,9,48,15,23,9
2020.12.22,866,316,26,39,45,26,9,6,1,204,23,31,17,4,5,59,18,19,18
2020.12.23,"1,090",375,32,24,49,36,35,18,1,309,13,58,11,21,12,25,29,33,9
2020.12.24,985,319,44,26,53,15,11,9,2,285,21,47,31,12,2,50,21,26,11
2020.12.25,"1,240",552,22,23,55,36,13,12,1,263,14,42,80,14,5,67,15,20,6
2020.12.26,"1,131",465,27,13,55,28,11,8,1,255,36,38,61,37,6,34,22,24,10
2020.12.27,970,362,40,21,61,17,8,1,6,241,23,24,58,8,5,34,44,7,10
2020.12.28,806,299,34,24,46,12,3,2,2,193,27,31,35,1,7,46,25,11,8
2020.12.29,"1,044",521,17,29,32,15,30,4,4,256,21,22,27,8,4,28,16,5,5
2020.12.30,"1,050",387,39,51,48,9,19,16,2,277,17,45,27,32,1,23,36,10,11
2020.12.31,967,366,74,33,59,8,7,35,-,225,36,22,18,12,5,23,22,9,13
2021.1.1,"1,027",357,57,43,65,17,11,43,1,284,30,22,15,8,6,24,35,5,4
2021.1.2,820,250,26,29,71,13,4,17,3,227,31,36,7,11,11,20,37,13,14
2021.1.3,657,198,19,22,48,26,8,7,1,204,33,27,9,5,12,14,12,4,8
2021.1.4,"1,020",329,37,29,103,74,6,5,-,268,28,23,23,13,3,25,33,10,11
2021.1.5,714,199,15,32,49,23,8,4,-,230,27,32,18,5,4,24,21,8,15
2021.1.6,838,263,38,21,38,30,9,2,1,284,16,21,24,22,1,28,29,5,6
2021.1.7,869,297,23,10,41,28,9,9,3,303,30,14,20,2,1,36,20,9,14
2021.1.8,674,191,24,18,30,21,8,10,-,258,11,10,21,8,-,30,22,6,6
2021.1.9,641,188,17,13,49,6,5,8,-,211,6,30,27,14,5,21,26,5,10
2021.1.10,657,187,34,27,33,21,4,34,-,192,20,9,30,6,4,19,19,4,14
2021.1.11,451,141,19,11,22,24,1,14,-,147,11,10,11,7,3,4,13,2,11
2021.1.12,537,167,21,18,21,7,7,7,1,175,7,16,3,12,2,8,55,2,8
2021.1.13,561,152,35,13,22,4,9,11,-,201,21,11,5,8,-,23,42,1,3
2021.1.14,524,134,40,11,25,31,3,10,2,171,11,18,12,3,6,18,16,2,11
2021.1.15,512,127,47,11,24,6,3,6,4,186,13,9,6,6,13,23,22,1,5
2021.1.16,580,156,61,23,33,6,5,8,1,168,23,6,8,17,13,20,20,4,8
2021.1.17,520,145,34,15,35,15,3,18,1,175,4,7,7,5,15,15,18,-,8
2021.1.18,389,132,10,13,13,11,2,6,2,105,16,9,11,3,4,18,22,2,10
2021.1.19,386,101,17,16,19,8,7,8,3,139,17,5,8,3,6,9,11,1,8
2021.1.20,404,143,13,12,16,11,1,3,-,139,11,3,8,2,9,7,19,6,1
2021.1.21,400,125,19,7,23,6,-,3,1,138,8,7,10,5,14,8,16,5,5
2021.1.22,346,115,23,6,9,2,1,3,-,116,9,1,7,-,7,15,21,2,9
2021.1.23,431,127,33,22,12,7,1,2,1,117,6,4,17,7,10,18,32,3,12
2021.1.24,392,133,20,12,25,17,-,2,11,99,11,12,9,4,1,8,17,2,9
2021.1.25,437,101,20,15,14,16,125,2,2,77,4,8,13,-,3,15,11,-,11
2021.1.26,349,104,27,13,18,12,4,-,2,77,43,7,6,1,9,8,12,-,6
2021.1.27,559,129,32,6,20,112,1,6,4,150,18,8,4,13,12,11,21,-,12
2021.1.28,497,105,54,11,41,44,4,6,1,118,6,25,4,1,8,43,19,-,7
2021.1.29,469,112,34,10,19,54,1,2,-,135,8,9,6,6,5,43,15,1,9
2021.1.30,456,152,20,8,15,33,2,2,-,146,3,11,9,3,1,22,12,2,15
2021.1.31,354,100,20,10,21,17,-,6,2,113,6,1,5,2,1,16,18,1,15
2021.2.1,305,107,15,9,11,32,1,1,-,92,8,6,4,3,1,5,4,-,6
2021.2.2,336,128,12,12,8,24,-,1,-,82,7,18,5,2,3,10,11,1,12
2021.2.3,467,188,19,9,21,6,7,-,1,111,6,9,36,10,6,12,8,1,17
2021.2.4,451,172,26,8,44,12,2,2,-,134,8,4,13,1,2,6,8,3,6
2021.2.5,370,126,33,14,26,14,-,-,-,114,5,3,13,-,-,7,6,2,7
2021.2.6,390,143,14,18,25,12,8,2,-,111,1,2,13,4,1,7,12,6,11
2021.2.7,371,144,9,12,17,10,6,1,1,112,6,1,14,-,4,1,4,2,27
2021.2.8,288,112,9,21,18,7,4,1,1,83,4,-,10,-,-,6,4,-,8
2021.2.9,303,90,9,9,16,8,2,3,1,126,3,3,5,3,-,5,7,2,11
2021.2.10,444,175,19,16,20,14,-,-,1,169,5,2,2,2,2,2,9,-,6
2021.2.11,504,183,29,13,25,13,3,2,-,188,11,4,1,7,-,1,5,4,15
2021.2.12,403,158,27,12,43,6,1,-,2,105,6,6,13,2,4,4,4,4,6
2021.2.13,362,136,27,14,30,3,5,2,5,99,2,5,15,5,-,5,4,-,5
2021.2.14,326,152,15,3,19,2,2,3,2,80,5,5,12,6,2,5,6,-,7
2021.2.15,343,150,15,13,12,3,8,4,-,102,1,-,9,4,5,8,3,-,6
2021.2.16,457,161,19,12,21,2,4,7,-,134,5,7,58,5,2,3,8,1,8
2021.2.17,621,258,19,14,21,3,7,9,2,154,3,6,75,6,15,15,8,-,6
2021.2.18,621,185,28,9,17,16,12,6,1,241,4,17,28,6,4,23,7,5,12
2021.2.19,561,180,16,11,38,4,4,12,1,189,7,18,24,3,10,22,9,3,10
2021.2.20,448,123,14,9,37,5,2,1,-,170,5,16,12,8,10,19,8,2,7
2021.2.21,416,130,12,8,21,6,-,4,1,171,6,6,10,8,8,7,7,3,8
2021.2.22,332,106,12,4,19,5,3,1,-,121,20,7,6,4,3,11,6,-,4
2021.2.23,356,125,12,10,14,7,1,2,1,127,14,4,8,7,6,8,5,-,5
2021.2.24,440,144,13,19,18,35,2,1,2,143,9,1,12,8,1,18,8,2,4
2021.2.25,395,122,18,14,22,15,-,2,-,138,2,4,16,5,11,9,2,5,10
2021.2.26,387,131,11,10,15,11,6,1,1,141,6,10,3,16,5,6,6,-,8
2021.2.27,415,131,9,6,27,12,2,3,1,169,6,8,4,20,5,7,1,1,3
2021.2.28,355,120,5,6,13,14,1,5,6,141,4,10,7,7,-,4,2,1,9
2021.3.1,355,92,16,10,14,8,-,2,1,160,5,8,4,10,2,13,5,-,5
2021.3.2,344,122,17,14,11,4,1,-,5,116,2,6,4,9,7,7,5,5,9
2021.3.3,444,119,8,6,20,3,2,1,4,227,6,19,4,5,3,6,5,4,2
2021.3.4,424,118,18,20,18,6,3,-,-,186,6,12,4,6,1,7,10,3,6
2021.3.5,398,129,20,3,13,6,-,3,1,173,4,19,9,3,-,6,3,2,4
2021.3.6,418,128,12,4,20,3,-,4,2,173,7,22,7,4,3,13,5,5,6
2021.3.7,416,132,6,8,28,4,1,2,2,172,10,9,6,5,6,13,3,4,5
2021.3.8,346,100,12,6,15,15,-,3,1,128,10,20,14,4,6,3,1,3,5
2021.3.9,446,102,19,3,20,33,1,11,-,188,13,21,15,8,3,2,1,2,4
2021.3.10,470,138,7,1,23,1,3,21,-,203,20,21,6,5,3,4,7,2,5
2021.3.11,465,138,14,4,18,1,1,23,-,184,30,6,4,8,3,11,8,2,10
2021.3.12,488,140,15,4,31,2,-,5,2,166,12,27,3,4,4,9,56,2,6
2021.3.13,490,140,17,9,26,3,1,1,-,164,18,16,9,2,1,14,62,1,6
2021.3.14,459,112,13,6,20,1,-,1,-,203,16,7,2,7,2,9,53,1,6
2021.3.15,379,109,4,5,18,1,2,2,2,161,10,9,6,5,1,3,31,3,7
2021.3.16,363,79,7,3,14,2,1,3,-,148,13,3,4,7,1,4,65,2,7
2021.3.17,469,120,11,14,21,1,1,4,3,186,10,12,6,21,-,4,45,1,9
2021.3.18,445,124,7,14,21,1,2,5,1,159,23,8,14,15,-,5,35,2,9
2021.3.19,463,146,7,5,24,2,7,3,-,157,31,8,5,15,-,4,42,-,7
2021.3.20,447,115,9,16,12,1,8,3,-,189,17,8,6,16,-,11,31,1,4
2021.3.21,456,125,19,14,22,2,1,7,-,157,14,10,5,11,-,5,54,1,9
2021.3.22,415,109,26,14,10,2,-,1,-,151,21,5,11,7,2,11,37,1,7
2021.3.23,346,97,8,3,13,1,4,8,-,124,9,6,8,7,1,20,29,-,8
2021.3.24,428,137,17,17,21,2,2,2,-,154,18,6,-,5,-,12,27,-,8
2021.3.25,430,127,20,17,12,5,3,-,-,147,27,17,4,5,1,10,30,-,5
2021.3.26,489,121,11,14,29,3,14,-,-,196,24,13,3,3,2,13,37,3,3
2021.3.27,505,127,33,23,39,5,10,5,1,145,36,39,2,5,-,11,19,2,3
2021.3.28,482,138,56,10,33,2,8,4,-,153,19,16,8,5,1,7,13,-,9
2021.3.29,382,107,53,10,18,2,2,3,-,131,6,12,1,8,1,3,20,1,4
2021.3.30,447,145,43,12,18,1,11,3,2,117,13,28,5,25,-,5,16,-,3
2021.3.31,506,158,58,15,25,2,7,11,17,111,16,21,8,20,-,6,22,2,7
2021.4.1,551,199,54,7,20,3,10,5,13,130,20,20,15,22,1,7,21,2,2
2021.4.2,557,166,38,17,23,1,19,7,8,160,10,19,10,15,1,30,18,4,11
2021.4.3,543,155,61,10,21,3,19,3,10,147,17,11,10,20,1,17,28,1,9
2021.4.4,543,149,61,15,22,4,29,11,3,150,6,14,12,24,1,16,14,2,10
2021.4.5,473,152,48,22,22,-,13,1,4,111,14,7,14,16,5,20,12,2,10
2021.4.6,477,147,34,16,27,6,22,4,-,107,15,12,6,29,15,25,7,-,5
2021.4.7,668,198,38,16,48,2,61,26,1,175,16,17,12,10,7,9,25,3,4
2021.4.8,700,244,52,10,25,-,25,13,7,230,7,8,20,24,1,11,11,5,7
2021.4.9,671,215,53,18,45,5,26,9,5,203,3,7,18,22,11,7,15,2,7
2021.4.10,677,201,56,5,24,1,13,25,4,202,6,12,15,23,7,26,46,7,4
2021.4.11,614,214,45,6,17,-,7,11,1,186,5,10,22,40,6,13,16,7,8
2021.4.12,587,162,47,16,12,4,17,34,5,176,6,20,18,24,3,15,17,3,8
2021.4.13,542,158,39,9,16,9,13,32,2,168,13,8,14,25,6,10,15,-,5
2021.4.14,731,247,49,11,26,5,11,30,2,238,6,29,10,11,1,14,27,2,12
2021.4.15,698,217,54,18,17,4,10,21,3,224,18,20,4,16,11,19,24,3,15
2021.4.16,673,216,44,4,12,11,6,24,3,221,7,9,13,15,6,24,44,3,11
2021.4.17,658,217,35,12,23,4,4,26,-,209,12,12,7,16,6,29,38,1,7
2021.4.18,671,204,31,13,19,13,5,21,2,184,19,10,22,21,2,28,67,1,9
2021.4.19,532,137,26,24,11,11,21,28,1,146,21,10,13,16,3,19,35,2,8
2021.4.20,549,148,29,15,18,4,8,21,1,189,18,14,16,3,4,21,29,1,10
2021.4.21,731,218,33,25,15,17,17,39,1,234,15,20,8,8,4,16,41,7,13
2021.4.22,735,230,37,24,14,9,13,32,1,222,24,19,6,6,8,23,58,4,5
2021.4.23,797,204,33,12,10,16,2,38,3,298,15,30,10,9,6,22,63,3,23
2021.4.24,785,253,44,4,18,15,10,50,1,244,9,15,14,9,1,32,52,3,11
2021.4.25,644,175,43,14,15,8,6,43,-,191,10,15,6,7,9,24,45,3,30
2021.4.26,499,154,25,7,14,15,4,13,1,150,12,16,7,6,-,25,29,1,20
2021.4.27,512,116,30,12,14,6,8,18,2,195,2,10,14,5,2,22,28,5,23
2021.4.28,769,257,33,29,20,12,10,33,2,194,11,22,38,13,5,25,55,3,7
2021.4.29,679,227,40,19,25,8,4,46,-,182,13,10,16,9,2,28,38,1,11
2021.4.30,661,227,32,14,14,4,31,61,1,151,4,12,12,21,5,29,37,1,5
2021.5.1,627,195,29,12,13,4,13,52,4,190,4,5,17,10,2,12,43,7,15
2021.5.2,606,182,33,10,17,15,9,52,1,145,4,11,16,12,1,30,61,1,6
2021.5.3,488,127,16,12,15,5,5,21,4,130,10,9,10,12,24,32,44,1,11
2021.5.4,541,184,16,10,13,4,13,29,6,124,22,7,19,12,9,22,36,8,7
2021.5.5,676,238,23,6,16,8,18,22,-,168,48,11,10,6,12,38,27,13,12
2021.5.6,574,212,28,7,19,8,18,38,1,142,12,6,15,5,10,22,17,6,8
2021.5.7,525,179,21,9,14,21,7,35,-,139,8,5,9,6,12,12,32,12,4
2021.5.8,701,242,27,13,22,5,9,48,5,194,27,9,3,5,12,21,37,5,17
2021.5.9,564,195,10,6,11,6,2,28,1,149,7,9,10,8,24,19,30,18,31
2021.5.10,463,141,20,4,13,9,4,24,7,137,5,4,15,9,9,19,16,14,13
2021.5.11,510,163,14,8,21,24,7,19,-,137,12,4,18,12,10,15,10,24,12
2021.5.12,634,222,10,6,20,22,8,31,1,187,17,12,10,22,17,7,16,13,13
2021.5.13,715,227,20,5,17,23,18,31,2,226,17,10,19,10,12,23,32,9,14
2021.5.14,747,231,24,9,34,11,31,26,7,173,25,4,22,14,50,35,32,10,9
2021.5.15,681,254,42,5,16,11,10,22,3,170,12,5,12,11,26,19,40,14,9
2021.5.16,610,213,31,6,15,14,4,11,-,161,5,20,18,14,13,11,45,9,20
2021.5.17,619,195,12,19,14,27,2,16,-,150,35,23,16,9,20,27,30,15,9
2021.5.18,528,172,13,23,16,11,12,6,4,137,25,13,15,7,12,23,16,11,12
2021.5.19,654,249,27,23,23,4,10,27,3,164,16,21,17,9,10,24,16,4,7
2021.5.20,646,242,17,9,13,15,8,25,9,187,8,13,19,7,7,33,12,6,16
2021.5.21,561,172,15,19,12,13,15,13,1,164,7,12,41,16,17,11,18,5,10
2021.5.22,666,208,28,56,15,15,5,29,-,165,29,6,17,12,16,16,21,7,21
2021.5.23,585,181,15,57,12,9,12,24,1,151,19,9,24,14,10,12,17,8,10
2021.5.24,530,139,15,48,18,16,11,12,14,122,20,7,31,4,14,12,17,19,11
2021.5.25,516,138,16,29,11,21,15,7,14,136,21,9,22,5,7,12,14,17,22
2021.5.26,705,261,22,30,19,21,17,15,9,189,25,13,19,6,11,9,20,6,13
2021.5.27,629,218,18,27,30,15,23,6,8,170,7,9,17,6,16,12,18,26,3
2021.5.28,587,214,13,24,26,8,18,12,8,149,16,14,21,4,7,14,21,7,11
2021.5.29,533,194,14,22,18,9,11,8,1,139,10,22,12,6,5,13,20,13,16
2021.5.30,480,160,13,20,18,9,7,7,6,160,17,6,7,7,9,9,10,8,7
2021.5.31,430,130,17,31,12,13,6,3,3,130,11,7,4,9,6,18,16,7,7
2021.6.1,459,147,28,42,17,5,19,2,3,116,13,11,12,6,5,9,8,12,4
2021.6.2,677,258,21,39,20,5,23,14,3,192,14,5,7,10,10,12,21,14,9
2021.6.3,681,215,32,74,22,4,15,8,1,211,17,5,13,12,3,11,23,12,3
2021.6.4,695,206,14,65,10,7,18,15,3,209,18,22,9,3,12,11,44,21,8
2021.6.5,744,277,17,41,16,9,31,5,4,211,14,24,10,14,14,10,20,22,5
2021.6.6,556,179,21,46,23,2,18,7,-,160,10,17,13,-,9,10,17,19,5
2021.6.7,485,159,12,26,15,4,20,10,-,151,2,11,9,3,3,9,28,13,10
2021.6.8,454,139,15,33,13,1,22,3,-,130,5,6,4,4,8,7,48,8,8
2021.6.9,602,183,16,44,23,7,25,6,3,161,30,23,5,6,6,13,39,7,5
2021.6.10,610,212,15,30,22,4,22,7,3,180,16,24,7,2,4,11,33,10,8
2021.6.11,556,204,28,24,18,1,15,15,2,173,11,16,5,4,5,6,20,5,4
2021.6.12,565,208,26,23,20,7,22,6,1,174,11,12,5,2,4,5,25,5,9
2021.6.13,452,176,13,15,15,3,11,2,1,149,10,6,10,1,3,7,8,5,17
2021.6.14,399,122,17,20,14,4,10,-,1,122,11,23,7,2,4,4,13,9,16
2021.6.15,373,131,9,16,12,4,15,4,8,120,3,14,7,4,3,5,3,6,9
2021.6.16,545,201,16,16,12,1,29,7,4,190,7,17,8,2,8,3,7,9,8
2021.6.17,540,201,17,7,17,6,18,22,2,183,7,18,5,7,6,3,5,8,8
2021.6.18,507,200,10,11,22,2,13,11,1,153,9,19,7,4,4,11,14,6,10
2021.6.19,482,197,18,13,22,4,5,5,2,145,5,10,12,5,5,4,11,7,12
2021.6.20,429,165,21,16,22,3,8,5,3,113,13,6,10,3,3,6,11,2,19
2021.6.21,357,134,14,18,9,2,15,-,2,91,9,3,11,3,10,8,13,3,12
2021.6.22,394,131,6,3,18,2,31,5,6,92,10,16,12,2,8,11,11,1,29
2021.6.23,645,236,16,7,28,4,58,5,8,191,17,10,9,2,2,21,18,-,13
2021.6.24,610,252,20,3,15,1,15,13,1,185,5,6,7,6,6,29,23,4,19
2021.6.25,634,269,27,5,29,5,9,16,2,183,13,10,4,2,18,7,17,5,13
2021.6.26,668,263,31,13,12,8,13,22,2,188,35,5,7,5,3,9,12,9,31
2021.6.27,614,242,12,8,25,12,15,6,8,173,19,4,24,6,6,4,14,2,34
2021.6.28,501,185,38,5,31,7,7,8,-,162,17,5,8,2,2,1,10,2,11
2021.6.29,595,205,9,8,17,2,25,13,3,230,8,10,11,7,4,6,15,6,16
2021.6.30,794,375,14,11,30,6,26,4,3,240,15,5,8,10,7,4,17,2,17
2021.7.1,761,333,18,7,36,7,16,2,5,249,10,4,15,7,5,5,10,1,31
2021.7.2,825,346,29,9,22,2,25,11,2,264,14,7,27,7,4,7,13,3,33
2021.7.3,794,359,39,8,16,3,28,1,3,252,11,6,16,4,7,4,10,4,23
2021.7.4,743,289,28,3,33,3,32,13,4,231,19,2,7,3,-,9,15,2,50
2021.7.5,711,307,25,6,22,7,19,1,4,220,7,3,12,6,6,13,22,6,25
2021.7.6,746,320,29,8,23,4,26,3,5,229,9,2,13,6,4,11,19,5,30
2021.7.7,"1,211",582,34,13,57,11,30,1,5,367,12,5,16,8,10,6,15,19,20
2021.7.8,"1,275",550,55,15,64,2,13,9,5,392,16,8,78,3,9,4,10,17,25
2021.7.9,"1,316",503,58,19,82,4,29,16,1,405,24,14,52,8,5,9,17,31,39
2021.7.10,"1,378",509,61,14,84,21,48,30,-,451,16,19,29,14,2,13,36,10,21
2021.7.11,"1,324",509,56,23,66,23,32,22,3,407,20,8,32,2,6,12,67,24,12
2021.7.12,"1,100",403,44,37,56,14,25,8,6,327,18,14,45,4,19,13,40,7,20
2021.7.13,"1,150",417,50,38,71,9,31,7,8,318,19,8,36,18,13,8,51,19,29
2021.7.14,"1,613",637,63,52,96,15,41,11,6,464,16,10,36,9,6,22,89,21,19
2021.7.15,"1,599",519,65,51,90,21,60,19,2,496,25,12,51,24,26,13,88,9,28
2021.7.16,"1,535",569,50,32,97,23,49,14,7,456,28,14,39,13,8,12,80,10,34
2021.7.17,"1,449",559,62,29,81,12,33,11,2,393,45,11,52,8,8,16,89,14,24
2021.7.18,"1,453",522,70,42,83,23,45,12,5,373,52,29,40,5,11,15,99,11,16
2021.7.19,"1,251",419,65,33,67,14,83,14,8,340,27,4,33,10,16,19,74,11,14
2021.7.20,"1,278",394,49,30,71,25,73,9,13,383,42,44,30,15,9,19,57,8,7
2021.7.21,"1,781",604,102,35,128,23,73,18,6,465,54,15,49,19,21,25,89,34,21
2021.7.22,"1,841",499,104,38,130,11,81,25,10,373,47,28,39,4,18,29,91,24,290
2021.7.23,"1,629",519,116,60,97,9,67,22,8,415,62,35,28,10,23,16,93,29,20
2021.7.24,"1,627",465,116,52,84,9,68,19,6,464,46,31,39,42,20,21,111,15,19
2021.7.25,"1,487",489,108,69,88,13,54,9,9,320,25,41,47,7,16,28,119,14,31
2021.7.26,"1,318",341,89,60,71,18,71,3,5,350,29,31,65,24,28,22,78,12,21
2021.7.27,"1,363",351,66,69,65,23,71,5,6,373,61,13,38,32,15,25,88,17,45
2021.7.28,"1,895",573,102,55,102,27,75,18,11,556,74,40,31,23,20,33,98,23,34
2021.7.29,"1,673",514,82,56,96,39,69,14,5,469,47,30,47,31,20,22,90,24,18
2021.7.30,"1,710",488,78,62,119,25,85,18,4,524,20,37,37,23,19,37,99,18,17
2021.7.31,"1,538",475,72,46,96,22,86,17,12,395,39,19,63,14,13,19,99,26,25
2021.8.1,"1,442",473,58,23,89,14,69,20,9,406,44,17,46,14,9,28,84,20,19
2021.8.2,"1,218",364,72,26,62,17,64,13,3,337,25,26,38,13,6,31,84,12,25
2021.8.3,"1,200",311,69,37,48,18,78,8,7,360,25,39,51,16,4,25,72,21,11
2021.8.4,"1,725",486,111,75,83,16,59,15,8,487,22,45,55,33,15,48,114,23,30
2021.8.5,"1,775",466,112,121,90,17,70,13,15,486,31,45,71,19,20,60,82,24,33
2021.8.6,"1,704",464,107,84,103,14,50,24,20,462,26,41,53,34,24,56,98,16,28
2021.8.7,"1,823",503,146,68,90,18,57,21,18,514,33,43,54,20,20,49,131,13,25
2021.8.8,"1,727",450,147,63,75,32,33,58,7,461,25,55,86,20,20,56,118,5,16
2021.8.9,"1,491",415,123,86,65,19,42,25,1,408,24,38,68,21,14,30,88,11,13
2021.8.10,"1,537",359,105,80,66,15,51,51,4,420,22,47,66,31,26,59,110,12,13
2021.8.11,"2,221",660,126,66,111,20,43,48,8,666,19,56,86,31,18,67,141,28,27
2021.8.12,"1,987",526,132,39,114,20,51,54,11,575,42,75,85,24,27,63,110,23,16
2021.8.13,"1,989",524,180,57,97,15,58,39,7,540,33,52,72,27,18,82,125,44,19
2021.8.14,"1,928",513,153,82,79,17,42,26,10,573,39,45,64,21,28,54,103,55,24
2021.8.15,"1,816",488,156,57,100,29,44,29,5,510,31,44,62,12,18,76,93,38,24
2021.8.16,"1,554",363,127,45,110,29,31,31,3,396,41,37,43,14,27,75,86,65,31
2021.8.17,"1,372",365,66,46,78,18,33,22,3,385,26,43,42,25,25,38,106,37,14
2021.8.18,"1,803",509,124,61,92,31,34,32,6,515,40,33,70,20,34,37,105,46,14
2021.8.19,"2,152",575,138,52,153,22,49,68,13,649,29,59,83,39,17,47,109,37,13
2021.8.20,"2,050",554,132,39,120,22,58,30,13,645,28,44,76,40,23,67,90,56,13
2021.8.21,"1,876",525,86,34,92,27,28,27,2,598,40,41,75,24,15,111,79,52,20
2021.8.22,"1,626",497,113,51,66,22,23,36,1,524,15,46,51,21,9,50,57,35,9
2021.8.23,"1,417",388,63,57,78,33,30,37,11,396,26,43,68,36,10,35,54,32,20
2021.8.24,"1,507",436,61,73,63,12,63,26,7,474,17,30,60,34,9,31,69,30,12
2021.8.25,"2,154",677,86,101,119,23,64,38,16,587,46,59,76,40,8,71,104,27,12
2021.8.26,"1,882",570,78,95,102,29,50,40,10,514,26,38,92,45,8,64,68,30,23
2021.8.27,"1,837",556,68,90,97,14,57,20,9,548,57,33,60,41,16,65,73,23,10
2021.8.28,"1,791",569,76,76,95,20,46,22,12,542,41,45,63,26,26,47,53,21,11
2021.8.29,"1,619",517,64,57,93,22,18,36,2,480,35,30,77,28,28,54,53,13,12
2021.8.30,"1,485",442,57,85,64,30,29,36,8,408,29,38,60,26,29,41,62,12,29
2021.8.31,"1,370",456,44,51,73,19,34,24,8,433,30,15,38,26,14,27,56,9,13
2021.9.1,"2,024",665,69,55,123,37,30,71,10,639,35,49,86,26,17,44,53,10,5
2021.9.2,"1,960",559,71,66,123,42,61,42,7,697,27,27,95,18,13,42,54,11,5
2021.9.3,"1,708",542,58,52,118,43,46,35,4,520,18,30,81,28,15,46,51,10,11
2021.9.4,"1,803",565,51,42,98,26,50,47,8,580,45,30,99,26,30,40,52,8,6
2021.9.5,"1,490",508,39,20,100,39,38,41,3,448,24,17,73,14,16,42,52,7,9
2021.9.6,"1,375",464,52,43,83,28,30,39,4,400,25,24,62,7,4,38,57,9,6
2021.9.7,"1,597",482,35,38,87,34,34,47,5,481,22,36,85,30,35,45,87,5,9
2021.9.8,"2,048",671,31,61,120,43,39,49,8,703,33,39,84,32,22,25,70,9,9
2021.9.9,"2,049",667,35,50,108,22,38,70,6,643,33,33,152,26,22,33,77,23,11
2021.9.10,"1,892",670,38,44,120,25,48,41,5,613,33,32,79,25,21,28,45,17,8
2021.9.11,"1,864",659,35,45,132,21,65,31,9,572,34,30,92,17,25,34,38,6,19
2021.9.12,"1,755",658,43,62,148,27,45,34,4,488,19,45,79,14,11,20,46,4,8
2021.9.13,"1,433",556,35,31,151,14,39,17,4,402,14,35,58,10,5,25,23,4,10
2021.9.14,"1,495",539,38,27,124,35,41,35,21,461,21,21,59,17,1,15,22,12,6
2021.9.15,"2,078",808,43,27,164,38,37,31,8,689,29,37,85,16,5,22,28,6,5
2021.9.16,"1,942",718,58,47,137,13,36,31,7,656,36,41,50,20,8,33,33,11,7
2021.9.17,"2,008",746,52,38,141,21,43,17,12,659,39,37,56,36,13,38,35,9,16
2021.9.18,"2,087",703,52,71,147,27,44,34,12,674,48,41,73,73,7,24,43,3,11
2021.9.19,"1,909",742,46,47,183,22,48,30,8,547,46,35,47,20,12,41,22,6,7
2021.9.20,"1,604",583,47,35,96,35,49,15,9,507,28,36,34,38,6,37,32,10,7
2021.9.21,"1,729",676,45,46,133,40,44,16,4,502,39,27,45,31,7,27,26,7,14
2021.9.22,"1,720",644,38,41,148,40,16,20,4,529,33,27,62,27,23,28,29,5,6
2021.9.23,"1,715",645,24,53,107,36,43,23,10,548,31,25,54,40,15,21,28,9,3
2021.9.24,"2,429",904,30,128,140,42,71,30,14,708,43,60,75,62,17,46,38,14,7
2021.9.25,"3,270","1,221",51,118,201,30,80,26,10,"1,102",57,60,93,65,28,58,47,15,8
2021.9.26,"2,768",927,46,143,173,40,53,27,8,931,47,51,75,48,25,85,73,7,9
2021.9.27,"2,381",777,43,115,145,28,51,20,14,755,40,63,78,43,16,71,101,9,12
2021.9.28,"2,288",841,29,126,123,28,54,17,4,721,26,59,48,42,18,75,67,7,3
2021.9.29,"2,881","1,051",52,109,154,28,29,27,10,990,20,84,77,41,23,88,84,5,9
2021.9.30,"2,561",944,49,73,148,32,36,27,14,883,32,61,60,35,24,52,67,15,9
2021.10.1,"2,483",913,46,85,159,28,38,24,8,825,52,39,60,32,29,60,69,9,7
2021.10.2,"2,247",792,42,80,116,25,35,19,11,759,33,60,51,23,22,56,108,8,7
2021.10.3,"2,085",735,33,58,128,22,41,18,7,678,50,44,44,29,25,97,65,5,6
2021.10.4,"1,670",572,37,68,120,13,38,5,3,534,37,44,42,21,13,60,47,7,9
2021.10.5,"1,574",521,47,50,106,15,39,12,10,496,24,44,34,23,13,57,70,5,8
2021.10.6,"2,027",690,38,64,133,16,31,4,5,685,31,38,69,20,13,55,120,4,11
2021.10.7,"2,425",836,49,46,200,13,30,14,11,856,29,74,52,24,18,55,96,9,13
2021.10.8,"2,171",772,34,45,128,25,31,16,10,759,33,64,60,22,17,77,55,9,14
2021.10.9,"1,953",712,30,50,131,18,30,13,4,638,28,64,58,19,14,39,73,26,6
2021.10.10,"1,594",583,31,48,95,23,10,9,4,550,18,75,31,10,5,45,39,7,11
2021.10.11,"1,297",511,49,45,72,14,22,11,3,359,17,60,25,20,11,30,34,8,6
2021.10.12,"1,346",482,25,50,81,7,23,17,6,411,28,68,57,23,17,24,17,7,3
2021.10.13,"1,583",582,40,66,86,14,21,7,3,509,17,88,34,13,16,41,30,11,5
2021.10.14,"1,939",747,47,46,142,10,6,6,3,690,22,48,47,16,19,45,35,9,1
2021.10.15,"1,683",681,32,38,96,6,12,8,3,611,21,47,33,11,24,34,13,10,3
2021.10.16,"1,617",585,22,47,103,6,9,7,1,587,19,69,39,16,24,52,17,7,7
2021.10.17,"1,420",506,36,40,109,9,8,4,,491,24,41,44,15,22,28,30,5,8
2021.10.18,"1,050",355,35,45,85,4,5,3,2,365,8,30,33,18,9,18,29,6,
2021.10.19,"1,073",298,39,35,93,3,15,,,401,7,42,40,14,14,42,20,5,5
2021.10.20,"1,571",504,35,36,109,12,9,7,3,588,27,69,43,9,9,75,33,3,
2021.10.21,"1,441",506,29,26,105,15,8,1,8,526,31,57,44,10,12,35,20,6,2
2021.10.22,"1,438",519,44,21,121,3,5,3,1,517,18,41,27,16,15,45,34,6,2
2021.10.23,"1,508",551,40,21,106,9,8,6,2,518,20,47,42,19,5,35,72,3,4
2021.10.24,"1,422",519,32,31,103,4,8,3,,521,13,39,64,10,9,24,27,8,7
2021.10.25,"1,190",455,24,32,96,3,4,4,,401,20,42,27,24,5,16,18,11,8
2021.10.26,"1,265",427,33,61,74,5,13,9,6,431,25,31,40,41,6,20,29,6,8
2021.10.27,"1,952",729,43,39,125,9,15,8,1,740,19,29,59,30,6,42,45,7,6
2021.10.28,"2,111",788,52,106,137,7,6,6,2,708,22,54,82,41,12,41,35,4,8
2021.10.29,"2,124",770,43,117,132,5,9,4,1,762,21,35,68,56,13,42,34,4,8
2021.10.30,"2,104",706,45,90,123,16,7,3,4,719,25,46,56,26,12,40,173,9,4
2021.10.31,"2,061",760,58,57,157,23,11,5,4,701,23,27,62,21,30,56,61,1,4
2021.11.1,"1,685",646,55,57,127,5,9,12,2,564,13,21,47,25,18,27,50,2,5
2021.11.2,"1,589",600,28,42,113,17,28,7,5,501,29,24,69,14,34,21,54,2,1